,id,pred1,pred2,label,agree,kt,cos_sim
0,0,0,0,False,True,0.9999999999999999,0.8732253560922991
1,1,0,0,False,True,0.8666666666666666,0.7280440075456133
2,2,0,0,False,True,0.7333333333333333,0.8290811717279418
