,id,pred1,pred2,label,agree,kt,cos_sim
0,0,0,0,False,True,0.9999999999999999,0.8373169390125751
1,1,0,0,False,True,0.9999999999999999,0.9745831841044724
2,2,0,0,False,True,0.7333333333333333,0.82041608945929
