,id,pred1,pred2,label,agree,kt,cos_sim
0,0,0,0,False,True,0.9999999999999999,0.8970401159532518
1,1,0,0,False,True,0.9999999999999999,0.5521576303742327
2,2,0,0,False,True,0.7333333333333333,0.8622968452371925
