,id,pred1,pred2,label,agree,kt,cos_sim
0,0,0,0,False,True,0.9999999999999999,0.7826095752086644
1,1,0,0,False,True,0.9999999999999999,0.1036642110697632
2,2,0,0,False,True,0.9999999999999999,0.6650386626085942
