,id,pred1,pred2,label,agree,kt,cos_sim
0,0,0,0,False,True,0.9999999999999999,0.9666907561180421
1,1,0,0,False,True,0.9999999999999999,0.6099067328145275
2,2,0,0,False,True,0.9999999999999999,0.9669329602374179
