,id,pred1,pred2,label,agree,kt,cos_sim
0,0,0,0,False,True,0.9999999999999999,0.7228425755132497
1,1,0,0,False,True,0.9999999999999999,0.6868678216667371
2,2,0,0,False,True,0.7333333333333333,0.7168259259101906
