,id,pred1,pred2,label,agree,kt,cos_sim
0,0,0,0,False,True,0.9999999999999999,0.8732253560922991
1,1,0,0,False,True,0.9999999999999999,0.6373774391990981
2,2,0,0,False,True,0.9999999999999999,0.7585826061362605
