,id,pred1,pred2,label,agree,kt,cos_sim
0,0,0,0,False,True,0.9999999999999999,0.9999999999999999
1,1,0,0,False,True,0.9999999999999999,0.9556913641729281
2,2,0,0,False,True,0.8222222222222221,0.8989284256735451
3,3,0,0,False,True,0.9999999999999999,0.9803147194409265
4,5,0,0,False,True,0.911111111111111,0.9609690621771018
5,6,0,0,False,True,0.9555555555555554,0.9664294820498288
6,7,0,0,True,True,0.8666666666666666,0.8182757487048511
7,8,0,0,False,True,0.8666666666666666,1.0000000000000002
8,9,1,1,True,True,0.9999999999999999,0.9684747092264968
