,id,pred1,pred2,label,agree,kt,cos_sim
0,0,0,0,False,True,0.8666666666666666,0.9999999999999999
1,1,0,0,False,True,0.9999999999999999,0.9629893827871846
2,2,0,0,False,True,0.8666666666666666,0.9773555548504418
3,3,0,0,False,True,0.9555555555555554,0.9920404937148677
4,5,0,0,False,True,0.9555555555555554,0.9609690621771018
5,6,0,0,False,True,0.7333333333333333,0.9024731748508102
6,7,0,0,True,True,0.19999999999999998,0.8182757487048511
7,8,0,0,False,True,0.9999999999999999,1.0000000000000002
8,9,1,1,True,True,0.9999999999999999,0.957640763527456
