,id,pred1,pred2,label,agree,kt,cos_sim
0,1,1,1,True,True,0.3636363636363636,0.7040680615781949
1,2,0,0,False,True,,0.0
2,3,1,1,True,True,0.9999999999999998,0.9084241529168674
3,4,0,0,False,True,,0.0
4,6,0,0,False,True,0.39393939393939387,0.9890939683907076
5,7,0,0,False,True,,0.0
6,8,1,1,True,True,0.6363636363636362,0.9770084209183943
