,id,pred1,pred2,label,agree,kt,cos_sim
0,0,0,0,False,True,0.9999999999999998,0.9337145191092147
1,1,1,1,True,True,0.2727272727272727,0.8090398349558905
2,2,0,0,False,True,,0.0
3,3,1,1,True,True,0.9999999999999998,1.0
4,4,0,0,False,True,,0.0
5,5,0,0,False,True,0.9999999999999998,0.9810847227000674
6,6,0,0,False,True,0.39393939393939387,0.9999999999999999
7,7,0,0,False,True,,0.0
8,8,1,1,True,True,0.5454545454545454,0.9770084209183943
