,id,pred1,pred2,label,agree,kt,cos_sim
0,0,0,0,False,True,1.0,0.9999999999999999
1,1,1,1,True,True,0.6000000000000001,0.9544900276786581
2,3,1,1,True,True,0.3333333333333333,0.9063058944592332
3,4,0,0,False,True,-0.19203413940256048,0.0
