,id,pred1,pred2,label,agree,kt,cos_sim
0,0,0,0,False,True,,0.0
1,1,1,1,True,True,0.21428571428571427,0.9811320754716981
2,3,1,1,True,True,0.17948717948717946,0.9999999999999999
3,4,0,0,False,True,0.4710144927536232,0.0
