,id,pred1,pred2,label,agree,kt,cos_sim
0,0,0,0,False,True,,0.0
1,1,1,1,True,True,0.42857142857142855,0.9544900276786581
2,3,1,1,True,True,0.19999999999999998,0.9063058944592332
3,4,0,0,False,True,0.24637681159420288,0.0
