,id,pred1,pred2,label,agree,kt,cos_sim
0,0,0,0,False,True,0.1272727272727273,0.0
1,1,0,0,False,True,0.5053763440860216,0.0
2,2,0,0,False,True,,0.0
3,3,0,0,False,True,0.018181818181818184,0.0
4,4,0,0,False,True,0.1111111111111111,0.9487405839596902
5,5,0,0,False,True,0.2679738562091504,0.9844951849708403
6,6,0,0,False,True,-0.07189542483660132,0.9889499370655616
7,7,0,0,True,True,0.15999999999999995,0.0
