,id,pred1,pred2,label,agree,kt,cos_sim
0,0,0,0,False,True,0.9999999999999998,0.0
1,1,0,0,False,True,0.46666666666666673,0.0
2,2,0,0,False,True,0.08505747126436781,0.9999999999999998
3,3,0,0,False,True,0.3333333333333333,0.0
4,4,0,0,False,True,0.19354838709677422,0.923913043478261
5,5,0,0,False,True,0.6363636363636364,0.971534176730141
6,6,0,0,False,True,0.20588235294117643,1.0000000000000002
7,7,0,0,True,True,0.6733333333333332,1.0
