,id,pred1,pred2,label,agree,kt,cos_sim
0,0,0,0,False,True,0.1272727272727273,0.0
1,1,0,0,False,True,0.5311827956989248,0.0
2,2,0,0,False,True,,0.0
3,3,0,0,False,True,-0.05454545454545454,0.0
4,4,0,0,False,True,-0.017543859649122806,0.9800177460682514
5,5,0,0,False,True,0.21568627450980396,0.9569307819013474
6,6,0,0,False,True,-0.45588235294117646,0.9889499370655616
7,7,0,0,True,True,0.2817204301075269,0.0
