,id,pred1,pred2,label,agree,kt,cos_sim
0,1,0,0,False,True,0.911111111111111,0.0
1,2,0,0,False,True,0.9999999999999999,1.0
2,3,0,0,False,True,0.9999999999999999,0.9999999999999998
3,4,0,0,False,True,0.5555555555555555,0.9885977854493447
