,id,pred1,pred2,label,agree,kt,cos_sim
0,1,0,0,False,True,0.911111111111111,0.0
1,2,0,0,False,True,0.8666666666666666,0.9081222898612331
2,3,0,0,False,True,0.9555555555555554,0.9925092578236596
3,4,0,0,False,True,0.7333333333333333,1.0
