,id,pred1,pred2,label,agree,kt,cos_sim
0,0,0,0,False,True,0.8666666666666666,0.9999999999999999
1,1,0,0,False,True,0.9999999999999999,0.9850746268656716
2,2,0,0,False,True,0.8666666666666666,0.9081222898612331
3,3,0,0,False,True,0.9555555555555554,0.9925092578236596
4,4,0,0,False,True,0.4666666666666666,0.9885977854493447
