,id,pred1,pred2,label,agree,kt,cos_sim
0,0,0,0,False,True,0.8666666666666666,0.9999999999999999
1,1,0,0,False,True,0.9999999999999999,0.9510344374630681
