,id,pred1,pred2,label,agree,kt,cos_sim
0,0,0,0,False,True,0.911111111111111,0.0
1,1,0,0,False,True,0.8666666666666666,0.9510344374630681
