,id,pred1,pred2,label,agree,kt,cos_sim
0,0,0,1,False,False,0.6428571428571428,0.6928465180980947
1,1,0,1,False,False,0.6428571428571428,0.7469371177783697
2,2,1,1,True,True,-0.3571428571428571,0.9157230764999139
3,3,0,1,False,False,0.7857142857142856,0.8707265026259214
4,5,0,1,False,False,0.7142857142857142,0.9438798074485388
5,6,0,0,False,True,,0.0
