,id,pred1,pred2,label,agree,kt,cos_sim
0,0,0,1,False,False,-0.21428571428571427,0.3065696697424829
1,1,0,1,False,False,-0.3571428571428571,0.8365019125713041
2,2,1,1,True,True,0.5714285714285714,0.8639187954496621
3,3,0,1,False,False,0.21428571428571427,0.5660738118298358
4,4,0,1,True,False,-0.21428571428571427,0.835400486236258
5,5,0,1,False,False,-0.6428571428571428,0.7390086962623628
6,6,0,0,False,True,,0.0
7,7,1,1,True,True,0.21428571428571427,0.7892800282301351
8,8,0,1,False,False,-0.14285714285714285,0.9219544457292886
