,id,pred1,pred2,label,agree,kt,cos_sim
0,0,1,1,False,True,-0.5714285714285714,0.5263968047576973
1,1,1,1,False,True,-0.42857142857142855,0.7158997922282926
2,2,1,1,True,True,-0.6428571428571428,0.8451542547285166
3,3,1,1,False,True,0.42857142857142855,0.7612152268273965
4,5,1,1,False,True,-0.4999999999999999,0.8312094145936335
5,6,0,0,False,True,-0.14285714285714285,1.0
6,9,0,0,False,True,0.5714285714285714,1.0
