,id,pred1,pred2,label,agree,kt,cos_sim
0,0,1,0,False,False,-0.21428571428571427,0.3065696697424829
1,1,1,0,False,False,-0.3571428571428571,0.8365019125713041
2,2,1,1,True,True,-0.2857142857142857,0.8504200642707612
3,3,1,0,False,False,0.21428571428571427,0.5660738118298358
4,5,1,0,False,False,-0.6428571428571428,0.7390086962623628
5,6,0,0,False,True,,0.0
6,9,0,0,False,True,0.21428571428571427,0.9120291854009067
