,id,pred1,pred2,label,agree,kt,cos_sim
0,0,1,0,False,False,0.9999999999999998,0.7105263157894738
1,1,1,0,False,False,0.7142857142857142,0.0
2,2,1,1,True,True,0.3571428571428571,0.0
3,3,1,0,False,False,0.6428571428571428,0.0
4,5,1,0,False,False,0.7142857142857142,0.9431940973635171
5,6,0,0,False,True,,0.0
6,9,0,0,False,True,0.9999999999999998,0.8693198353057171
