,id,pred1,pred2,label,agree,kt,cos_sim
0,0,1,0,False,False,0.9999999999999998,0.8658966363457989
1,1,1,0,False,False,0.9999999999999998,0.0
2,2,1,1,True,True,-0.07142857142857142,0.0
3,3,1,0,False,False,0.2857142857142857,0.0
4,4,1,0,True,False,0.8571428571428571,0.0
5,5,1,0,False,False,0.21428571428571427,1.0
6,6,0,0,False,True,-0.2857142857142857,1.0000000000000002
7,7,1,1,True,True,0.8571428571428571,0.0
8,8,1,0,False,False,-0.2857142857142857,0.0
9,9,0,0,False,True,1.0,0.0
