,id,pred1,pred2,label,agree,kt,cos_sim
0,0,0,1,False,False,0.6428571428571428,0.6769132678416133
1,1,0,1,False,False,0.9285714285714285,0.5937393699957594
2,2,1,1,True,True,0.3571428571428571,0.8944271909999159
3,3,0,1,False,False,0.2857142857142857,0.7804881763180784
4,5,0,1,False,False,0.21428571428571427,0.9647531617473997
5,6,0,0,False,True,-0.6428571428571428,0.8908708063747479
6,9,0,0,False,True,-0.6666666666666669,0.0
