,id,pred1,pred2,label,agree,kt,cos_sim
0,0,0,0,False,True,0.9999999999999998,0.44350803325028726
1,1,0,0,False,True,0.5714285714285714,0.6917511609943708
2,2,1,1,True,True,-0.42857142857142855,0.9387755102040817
3,3,0,0,False,True,0.4999999999999999,0.5262348115842176
4,4,0,0,True,True,0.42857142857142855,0.9509298551358542
5,5,0,0,False,True,0.07142857142857142,0.9431940973635171
6,6,0,0,False,True,,0.0
7,7,1,1,True,True,-0.21428571428571427,0.8520128672302584
8,8,0,0,False,True,0.0,0.8925924666248365
