,id,pred1,pred2,label,agree,kt,cos_sim
0,0,0,0,False,True,0.9999999999999999,1.0000000000000002
1,1,0,0,False,True,0.3333333333333333,0.9698686309445845
2,2,0,0,False,True,-0.2,0.37424059428255985
