,id,pred1,pred2,label,agree,kt,cos_sim
0,0,0,0,False,True,0.06666666666666665,0.9999999999999998
1,1,0,0,False,True,-0.06666666666666665,1.0
2,2,0,0,False,True,-0.3333333333333333,0.9428090415820632
