,id,pred1,pred2,label,agree,kt,cos_sim
0,0,0,0,False,True,0.06666666666666665,0.2916666666666667
1,1,0,0,False,True,0.9999999999999999,0.8528028654224417
2,2,0,0,False,True,0.9999999999999999,0.2700308624336608
