,id,pred1,pred2,label,agree,kt,cos_sim
0,0,0,0,False,True,0.06666666666666665,0.4423258684646914
1,1,0,0,False,True,,0.0
2,2,0,0,False,True,0.9999999999999999,0.33174440134851857
