,id,pred1,pred2,label,agree,kt,cos_sim
0,0,0,0,False,True,0.9999999999999999,0.884651736929383
1,1,0,0,False,True,,0.0
2,2,0,0,False,True,0.9999999999999999,0.9100315103865803
