,id,pred1,pred2,label,agree,kt,cos_sim
0,0,0,0,False,True,1.0,0.0
1,1,0,0,False,True,1.0,0.0
2,2,1,1,True,True,-0.2123076923076923,1.0
3,3,0,0,False,True,1.0,0.0
4,4,0,0,True,True,0.3238095238095238,0.9999999999999999
5,5,0,0,False,True,1.0,0.0
6,6,0,0,False,True,,0.0
7,7,1,1,True,True,0.5507692307692308,1.0
8,8,0,0,False,True,0.9999999999999998,0.9999999999999999
9,9,0,0,False,True,1.0,0.0
