,id,pred1,pred2,label,agree,kt,cos_sim
0,0,0,0,False,True,0.11578947368421053,0.0
1,1,0,0,False,True,0.4074074074074075,0.0
2,2,1,1,True,True,0.02766798418972332,0.9787234042553191
3,3,0,0,False,True,0.20000000000000004,0.0
4,4,0,0,True,True,0.5047619047619049,0.0
5,5,0,0,False,True,0.0303030303030303,0.0
6,6,0,0,False,True,,0.0
7,7,1,1,True,True,-0.033333333333333326,0.8655106783875355
8,8,0,0,False,True,0.5073891625615763,0.0
9,9,0,0,False,True,-0.13235294117647056,0.0
