,id,pred1,pred2,label,agree,kt,cos_sim
0,1,1,1,True,True,0.39393939393939387,0.8528028654224417
1,2,0,0,False,True,,0.0
2,3,1,1,True,True,0.9696969696969696,0.8996469021204838
3,4,0,0,False,True,,0.0
4,5,0,0,False,True,0.9999999999999998,0.9810847227000674
5,6,0,0,False,True,0.39393939393939387,0.9557790087219501
6,7,0,0,False,True,,0.0
7,8,1,1,True,True,0.7575757575757575,0.8273301474304354
