,id,pred1,pred2,label,agree,kt,cos_sim
0,0,0,0,False,True,0.9999999999999998,0.9999999999999999
1,1,1,1,True,True,0.5151515151515151,0.8236877675803729
2,2,0,0,False,True,,0.0
3,3,1,1,True,True,0.8484848484848484,1.0000000000000002
4,4,0,0,False,True,,0.0
5,5,0,0,False,True,0.9999999999999998,0.9908807141567176
6,6,0,0,False,True,0.39393939393939387,0.9778024140774095
7,7,0,0,False,True,,0.0
8,8,1,1,True,True,0.7272727272727272,0.8178746352094061
