,id,pred1,pred2,label,agree,kt,cos_sim
0,1,1,1,True,True,0.4545454545454545,0.8989601607576226
1,2,0,0,False,True,,0.0
2,3,1,1,True,True,0.8181818181818181,0.8996469021204838
3,4,0,0,False,True,,0.0
4,5,0,0,False,True,0.9999999999999998,0.9737289911202953
5,6,0,0,False,True,0.9999999999999998,0.9242930987335743
6,7,0,0,False,True,,0.0
7,8,1,1,True,True,0.7272727272727272,0.965581028730576
