,id,pred1,pred2,label,agree,kt,cos_sim
0,0,0,0,False,True,0.9999999999999999,0.88793287382819
1,1,0,0,False,True,0.9999999999999999,1.0000000000000002
2,2,0,0,False,True,0.9999999999999999,0.8538157693490184
3,4,0,0,False,True,0.9999999999999999,0.0
4,6,0,0,False,True,0.9999999999999999,0.9776923610938036
5,7,0,0,False,True,0.9999999999999999,0.9899494936611665
6,8,0,0,False,True,0.9999999999999999,0.8499046787510721
7,9,0,0,False,True,0.9999999999999999,1.0
