,id,pred1,pred2,label,agree,kt,cos_sim
0,0,0,0,False,True,-0.029556650246305414,0.0
1,1,0,0,False,True,-0.006535947712418302,0.0
2,2,0,0,False,True,0.4031746031746032,0.0
3,3,0,0,True,True,-0.23076923076923073,0.9767441860465118
4,4,0,0,False,True,0.07692307692307693,0.0
