,id,pred1,pred2,label,agree,kt,cos_sim
0,0,0,0,False,True,0.3900134952766532,0.0
1,1,0,0,False,True,1.0,0.0
2,2,0,0,False,True,0.3642512077294686,0.0
3,3,0,0,True,True,0.23333333333333336,0.9943185593475575
4,4,0,0,False,True,0.19903846153846155,0.0
