,id,pred1,pred2,label,agree,kt,cos_sim
0,0,0,0,False,True,0.1280788177339901,0.0
1,1,0,0,False,True,-0.006535947712418302,0.0
2,2,0,0,False,True,0.10476190476190478,0.0
3,3,0,0,True,True,0.025641025641025637,0.9770760409773687
4,4,0,0,False,True,-0.012145748987854251,0.0
