,id,pred1,pred2,label,agree,kt,cos_sim
0,0,0,0,False,True,-0.012477718360071303,0.0
1,1,0,0,False,True,0.06554621848739495,0.0
2,2,0,0,False,True,0.028571428571428574,0.0
3,3,0,0,True,True,-0.1056910569105691,0.9512563458014656
4,4,0,0,False,True,0.18974358974358974,0.0
5,5,0,0,False,True,-0.1280788177339901,0.0
6,6,0,0,False,True,-0.33333333333333337,0.0
7,7,0,0,False,True,0.12000000000000001,0.0
8,8,0,0,False,True,-0.4581105169340464,0.0
9,9,0,0,False,True,-0.125,0.0
