,id,pred1,pred2,label,agree,kt,cos_sim
0,0,0,0,False,True,0.3900134952766532,0.0
1,1,0,0,False,True,1.0,0.0
2,2,0,0,False,True,1.0,0.0
3,3,0,0,True,True,-0.10714285714285714,0.9543477859218735
4,4,0,0,False,True,0.17668997668997666,0.0
5,5,0,0,False,True,0.11822660098522166,0.0
6,6,0,0,False,True,0.33333333333333337,0.0
7,7,0,0,False,True,-0.0689655172413793,0.0
8,8,0,0,False,True,-0.5166578529878372,0.0
9,9,0,0,False,True,-0.24621212121212122,0.0
