,id,pred1,pred2,label,agree,kt,cos_sim
0,0,0,0,False,True,0.12299465240641713,0.0
1,1,0,0,False,True,0.06554621848739495,0.0
2,2,0,0,False,True,0.028571428571428574,0.0
3,3,0,0,True,True,0.04529616724738676,0.9751131019651026
4,4,0,0,False,True,0.12307692307692308,0.0
5,5,0,0,False,True,0.0021505376344086026,0.0
6,6,0,0,False,True,-1.0,0.0
7,7,0,0,False,True,-0.04,0.0
8,8,0,0,False,True,0.15864527629233513,0.0
9,9,0,0,False,True,0.4143049932523617,0.0
