,id,pred1,pred2,label,agree,kt,cos_sim
0,0,0,0,False,True,-0.33333333333333337,0.0
1,1,0,0,False,True,1.0,0.6373774391990981
2,2,0,0,False,True,1.0,0.9911677880108379
3,3,0,0,True,True,1.0,0.0
4,4,0,0,False,True,1.0,1.0
