,id,pred1,pred2,label,agree,kt,cos_sim
0,0,0,0,False,True,1.0,0.9046189147013126
1,1,0,0,False,True,1.0,0.6373774391990981
2,2,0,0,False,True,1.0,0.8618068214179181
3,3,0,0,True,True,-1.0,0.8045224912765117
4,4,0,0,False,True,-1.0,1.0
