,id,pred1,pred2,label,agree,kt,cos_sim
0,0,0,0,False,True,,0.0
1,1,1,1,True,True,0.7999999999999999,0.980392156862745
2,2,0,0,False,True,,0.0
3,3,1,1,True,True,-0.1111111111111111,0.9692233691951198
4,4,0,0,False,True,,0.0
