,id,pred1,pred2,label,agree,kt,cos_sim
0,0,0,1,False,False,0.9999999999999999,0.0
1,1,0,1,False,False,1.0,0.0
2,2,1,1,True,True,,0.0
3,3,0,1,False,False,,0.0
4,4,0,1,True,False,0.2087912087912088,0.0
5,5,0,1,False,False,-0.16483516483516486,0.0
6,6,0,1,False,False,,0.0
7,7,1,1,True,True,-0.23076923076923073,0.0
8,8,0,1,False,False,0.25641025641025633,0.0
9,9,0,1,False,False,,0.0
