,id,pred1,pred2,label,agree,kt,cos_sim
0,0,0,0,False,True,0.03703703703703704,0.0
1,1,0,0,False,True,-0.20261437908496735,0.921284663987611
2,2,1,1,True,True,-0.17948717948717946,0.9168656608439087
3,3,0,0,False,True,0.3523809523809524,0.0
4,4,0,0,True,True,0.05128205128205127,0.0
5,5,0,0,False,True,0.27472527472527475,0.0
6,6,0,0,False,True,,0.0
7,7,1,1,True,True,0.0,0.8
8,8,0,0,False,True,0.12280701754385964,0.9584769029415859
9,9,0,0,False,True,-0.09803921568627452,0.0
