,id,pred1,pred2,label,agree,kt,cos_sim
0,0,0,0,False,True,0,0.9583333333333335
1,1,1,1,True,True,0,0.9560892129252898
2,3,1,1,True,True,0,0.9764082219405036
3,4,0,0,False,True,0,0.0
4,5,0,0,False,True,0,0.2402096960580052
5,6,0,0,False,True,0,0.8685990362153791
6,7,0,0,False,True,0,0.914659120760047
7,8,1,1,True,True,0,0.651320292556889
8,9,0,0,False,True,0,0.9067472700065305
9,11,0,0,False,True,0,0.0
10,13,0,0,False,True,0,0.9523809523809523
11,14,0,0,False,True,0,0.9459234862450902
