,id,pred1,pred2,label,agree,kt,cos_sim
0,0,0,0,False,True,0.9999999999999998,0.9999999999999999
1,1,1,1,True,True,-0.15402298850574714,0.9720050670928767
2,3,1,1,True,True,0.009523809523809525,0.9294685824330091
3,4,0,0,False,True,1.0,0.0
4,5,0,0,False,True,0.9999999999999999,0.0
5,6,0,0,False,True,1.0,0.0
6,7,0,0,False,True,0.4656084656084656,0.0
7,8,1,1,True,True,0.09523809523809523,0.9795918367346939
8,9,0,0,False,True,1.0,0.0
