,id,pred1,pred2,label,agree,kt,cos_sim
0,0,0,0,False,True,,0.0
1,1,1,1,True,True,-0.009523809523809525,0.9337145191092147
2,3,1,1,True,True,-0.19088319088319092,0.9615003507450866
3,4,0,0,False,True,0.15217391304347824,0.0
4,5,0,0,False,True,-0.2424242424242424,0.0
5,6,0,0,False,True,0.05555555555555555,0.0
6,7,0,0,False,True,0.328042328042328,0.0
7,8,1,1,True,True,0.2857142857142857,0.9478411467100529
8,9,0,0,False,True,-0.14285714285714285,0.0
