,id,pred1,pred2,label,agree,kt,cos_sim
0,0,0,0,False,True,0.9999999999999999,0.8935989087537576
1,1,0,0,False,True,0.9999999999999999,0.9864036607532465
