,id,pred1,pred2,label,agree,kt,cos_sim
0,0,0,0,False,True,0.9999999999999999,0.0
1,1,1,1,True,True,0.33333333333333337,0.0
2,2,0,0,False,True,,0.0
3,3,1,1,True,True,1.0,0.0
4,4,0,0,False,True,0.33333333333333337,0.0
