,id,pred1,pred2,label,agree,kt,cos_sim
0,0,0,0,False,True,0.21428571428571427,1.0
1,1,0,0,False,True,-0.3571428571428571,0.8852533362759809
2,2,1,1,True,True,0.3571428571428571,1.0
