,id,pred1,pred2,label,agree,kt,cos_sim
0,0,0,0,False,True,0.21428571428571427,0.7653837971759039
1,1,0,0,False,True,-0.3571428571428571,0.7935753932437074
2,2,1,1,True,True,-0.42857142857142855,0.9037767640636811
