,id,pred1,pred2,label,agree,kt,cos_sim
0,0,0,0,False,True,0.9999999999999998,1.0000000000000002
1,1,0,0,False,True,0.42857142857142855,0.9833434220628547
2,2,1,1,True,True,-0.42857142857142855,0.914991421995628
