,id,pred1,pred2,label,agree,kt,cos_sim
0,0,0,0,False,True,0.9999999999999998,0.7653837971759039
1,1,0,0,False,True,0.5714285714285714,0.9354143466934853
2,2,1,1,True,True,-0.4999999999999999,0.9037767640636811
