,id,pred1,pred2,label,agree,kt,cos_sim
0,0,0,0,False,True,0.21428571428571427,0.7893020408376509
1,1,0,0,False,True,-0.3571428571428571,0.9486832980505138
2,2,1,1,True,True,-0.3333333333333334,0.0
