,id,pred1,pred2,label,agree,kt,cos_sim
0,0,0,0,False,True,0.9999999999999998,0.5950545388453417
1,1,0,0,False,True,0.9999999999999998,0.7739090555513735
2,2,1,1,True,True,0.3571428571428571,0.9037767640636811
