,id,pred1,pred2,label,agree,kt,cos_sim
0,0,0,0,False,True,0.9999999999999998,0.7105263157894738
1,1,0,0,False,True,0.5714285714285714,0.8728715609439694
2,2,1,1,True,True,-0.3333333333333334,0.0
