,id,pred1,pred2,label,agree,kt,cos_sim
0,0,0,0,False,True,0.9999999999999998,0.7105263157894738
1,1,0,0,False,True,0.7142857142857142,0.8784104611578831
2,2,1,1,True,True,0.3333333333333334,0.0
