,id,pred1,pred2,label,agree,kt,cos_sim
0,0,0,0,False,True,0.9999999999999998,0.44350803325028726
1,1,0,0,False,True,0.7142857142857142,0.6993786061802354
2,2,1,1,True,True,0.14285714285714285,0.914991421995628
