,id,pred1,pred2,label,agree,kt,cos_sim
0,0,0,0,False,True,0.21428571428571427,0.5950545388453417
1,1,0,0,False,True,-0.3571428571428571,0.9325048082403138
2,2,1,1,True,True,0.2857142857142857,0.9037767640636811
