,id,pred1,pred2,label,agree,kt,cos_sim
0,0,0,0,False,True,0.9999999999999998,0.7893020408376509
1,1,0,0,False,True,0.9999999999999998,0.8942581600637
2,2,1,1,True,True,0.6666666666666669,0.0
