,id,pred1,pred2,label,agree,kt,cos_sim
0,0,0,0,False,True,0.9999999999999998,0.44350803325028726
1,1,0,0,False,True,0.5714285714285714,0.6917511609943708
2,2,1,1,True,True,-0.42857142857142855,0.9387755102040817
