,id,pred1,pred2,label,agree,kt,cos_sim
0,0,0,0,False,True,0.9999999999999998,0.7653837971759039
1,1,0,0,False,True,0.7142857142857142,0.9221388919541468
2,2,1,1,True,True,0.7857142857142856,0.9177105704032728
