,id,pred1,pred2,label,agree,kt,cos_sim
0,0,0,0,False,True,,0.9128709291752769
1,1,1,1,True,True,,0.9365858115816941
2,2,0,0,False,True,,0.8924516453719396
3,3,1,0,True,False,,0.9773555548504418
4,4,0,0,False,True,,0.9189365834726813
