,id,pred1,pred2,label,agree,kt,cos_sim
0,0,0,0,False,True,,0.8883363181483769
1,1,1,1,True,True,,0.9511897312113418
2,2,0,0,False,True,,0.9112931795128764
3,3,1,0,True,False,,0.9701492537313433
4,4,0,0,False,True,,0.9087389347953038
