,id,pred1,pred2,label,agree,kt,cos_sim
0,0,0,0,False,True,,0.8563488385776751
1,1,1,1,True,True,,0.9799578870122228
2,2,0,0,False,True,,0.8663254299163512
3,3,1,1,True,True,,0.9926267353949799
4,4,0,0,False,True,,0.7416770790872963
