,id,pred1,pred2,label,agree,kt,cos_sim
0,0,0,0,False,True,0.9999999999999998,0.0
1,1,0,0,False,True,0.46666666666666673,0.0
2,2,0,0,False,True,0.042105263157894736,0.9999999999999998
3,3,0,0,False,True,0.3235294117647059,0.9680325857568469
4,4,0,0,False,True,-0.3090909090909091,0.989762410697451
