,id,pred1,pred2,label,agree,kt,cos_sim
0,0,0,0,False,True,-0.16363636363636364,0.0
1,1,0,0,False,True,0.5218390804597701,0.0
2,2,0,0,False,True,,0.0
3,3,0,0,False,True,0.0303030303030303,0.9387972328218396
4,4,0,0,False,True,0.41818181818181815,0.9695896898516747
