,id,pred1,pred2,label,agree,kt,cos_sim
0,0,0,0,False,True,-0.16363636363636364,0.0
1,1,0,0,False,True,0.47126436781609193,0.0
2,2,0,0,False,True,,0.0
3,3,0,0,False,True,0.1515151515151515,0.9129542925770465
4,4,0,0,False,True,-0.0606060606060606,0.9486832980505138
