,id,pred1,pred2,label,agree,kt,cos_sim
0,0,0,0,False,True,0.9999999999999999,0.759335896713987
1,1,0,0,False,True,0.7333333333333333,0.0815022154313799
