,id,pred1,pred2,label,agree,kt,cos_sim
0,0,0,0,False,True,0.9999999999999998,1.0000000000000002
1,1,0,0,False,True,0.42857142857142855,1.0
2,2,1,1,True,True,-0.14285714285714285,0.8809523809523809
3,3,0,0,False,True,0.9999999999999998,1.0000000000000002
4,5,0,0,False,True,0.9999999999999998,1.0
5,6,0,0,False,True,,0.0
