,id,pred1,pred2,label,agree,kt,cos_sim
0,0,0,0,False,True,0.9999999999999998,0.7105263157894738
1,1,0,0,False,True,0.7142857142857142,0.8728715609439694
2,2,1,1,True,True,0.0,0.8606629658238704
3,3,0,0,False,True,0.6428571428571428,0.8529668502072326
4,5,0,0,False,True,0.7142857142857142,0.9431940973635171
5,6,0,0,False,True,,0.0
6,9,0,0,False,True,0.9999999999999998,0.8693198353057171
