,id,pred1,pred2,label,agree,kt,cos_sim
0,0,0,0,False,True,0.9999999999999998,0.7105263157894738
1,1,0,0,False,True,0.5714285714285714,0.8728715609439694
2,2,1,1,True,True,-0.3333333333333334,0.8852533362759809
3,3,0,0,False,True,0.6428571428571428,0.8529668502072326
4,4,0,0,True,True,0.9285714285714285,0.8535639569308374
5,5,0,0,False,True,0.7142857142857142,0.9431940973635171
6,6,0,0,False,True,,0.0
7,7,1,1,True,True,-0.3571428571428571,0.8520128672302584
8,8,0,0,False,True,-0.42857142857142855,0.9433700705169152
