,id,pred1,pred2,label,agree,kt,cos_sim
0,0,0,1,False,False,0.6428571428571428,0.8133415647238502
1,1,0,1,False,False,0.9285714285714285,0.7158997922282926
2,2,1,1,True,True,0.0,0.8467803948114511
3,3,0,1,False,False,0.7142857142857142,0.9465795049390483
4,5,0,1,False,False,0.8571428571428571,0.9647531617473997
5,6,0,0,False,True,0.6428571428571428,0.8908708063747479
6,9,0,0,False,True,0.6428571428571428,0.8928364443433809
