,id,pred1,pred2,label,agree,kt,cos_sim
0,0,0,0,False,True,0.9999999999999998,0.44350803325028726
1,1,0,0,False,True,0.7142857142857142,0.6917511609943708
2,2,1,1,True,True,0.2857142857142857,0.8809523809523809
3,3,0,0,False,True,0.4999999999999999,0.5262348115842176
4,5,0,0,False,True,0.07142857142857142,0.9431940973635171
5,6,0,0,False,True,,0.0
6,9,0,0,False,True,1.0,0.0
