,id,pred1,pred2,label,agree,kt,cos_sim
0,0,0,0,False,True,0.9999999999999999,0.88793287382819
1,1,0,0,False,True,0.9999999999999999,0.9899494936611665
