,id,pred1,pred2,label,agree,kt,cos_sim
0,0,0,0,False,True,0.2,0.8259361613561056
1,4,0,0,False,True,-0.2,0.03503086021162799
2,5,0,0,False,True,-0.4666666666666666,0.2126608650639047
3,6,0,0,False,True,0.06666666666666665,0.03346372407051273
