,id,pred1,pred2,label,agree,kt,cos_sim
0,0,0,0,False,True,0.2,1.0
1,1,0,0,False,True,0.8666666666666666,0.9740998471939867
2,2,0,0,False,True,0.4666666666666666,0.9999999999999999
3,3,1,0,True,False,0.6,1.0
4,4,0,0,False,True,1.0,1.0
5,5,0,0,False,True,0.9999999999999999,0.9893362680821127
6,6,0,0,False,True,0.8666666666666666,1.0
7,7,0,0,False,True,0.7333333333333333,1.0
8,8,0,0,False,True,0.06666666666666665,1.0000000000000002
9,9,0,0,False,True,0.8666666666666666,0.9999999999999998
