,id,pred1,pred2,label,agree,kt,cos_sim
0,0,0,0,False,True,0.2,0.9564078745495845
1,4,0,0,False,True,0.6,0.04171884786014657
2,5,0,0,False,True,0.7333333333333333,0.21444438569900387
3,6,0,0,False,True,0.06666666666666665,0.057490018712824484
