,id,pred1,pred2,label,agree,kt,cos_sim
0,0,0,0,False,True,-0.21428571428571427,0.7505683356701914
1,1,0,0,False,True,0.2857142857142857,0.9058216273156766
2,2,1,0,True,False,-0.3333333333333334,0.0
3,3,0,0,False,True,-0.14285714285714285,0.8596048246406337
4,5,0,0,False,True,0.8571428571428571,0.09095085938862486
5,6,0,1,False,False,-0.14285714285714285,0.27083333333333337
6,7,1,0,True,False,0.2857142857142857,0.3611111111111111
7,8,0,0,False,True,0.6428571428571428,0.37824434307572
