,id,pred1,pred2,label,agree,kt,cos_sim
0,0,0,0,False,True,0.7142857142857142,0.87338729012394
1,1,0,0,False,True,0.5714285714285714,0.9667550799532344
2,2,0,1,True,False,-0.2857142857142857,0.8977369642581766
3,3,0,0,False,True,0.8571428571428571,0.8976656233969146
4,5,0,0,False,True,0.3571428571428571,0.105999788000636
5,6,1,0,True,False,-0.3571428571428571,0.12532010295690077
6,7,0,1,False,False,-0.5714285714285714,0.382546027838003
7,8,0,0,False,True,0.8571428571428571,0.35924016749576715
