,id,pred1,pred2,label,agree,kt,cos_sim
0,1,0,0,False,True,-0.24444444444444444,0.11460236069542147
