,id,pred1,pred2,label,agree,kt,cos_sim
0,1,0,0,False,True,-0.28888888888888886,0.11460236069542147
