,id,pred1,pred2,label,agree,kt,cos_sim
0,1,0,0,False,True,-0.06666666666666667,0.12327841818038447
