,id,pred1,pred2,label,agree,kt,cos_sim
0,1,1,1,True,True,0.9999999999999998,0.9999999999999999
1,2,0,0,False,True,,0.0
2,3,1,1,True,True,0.8484848484848484,0.9157291161525718
3,4,0,0,False,True,,0.0
4,6,0,0,False,True,0.39393939393939387,0.9786903278538917
5,7,0,0,False,True,,0.0
6,8,1,1,True,True,0.39393939393939387,0.9660917830792958
