,id,pred1,pred2,label,agree,kt,cos_sim
0,0,0,0,False,True,0.9999999999999998,0.9999999999999999
1,1,1,1,True,True,0.606060606060606,0.8549090976340066
2,2,0,0,False,True,,0.0
3,3,1,1,True,True,0.7575757575757575,0.909610971830841
4,4,0,0,False,True,,0.0
5,6,0,0,False,True,0.9999999999999998,0.966379267621615
6,7,0,0,False,True,,0.0
7,8,1,1,True,True,0.5151515151515151,0.8371213775625378
