,id,pred1,pred2,label,agree,kt,cos_sim
0,1,1,1,True,True,0.606060606060606,0.8549090976340066
1,2,0,0,False,True,,0.0
2,3,1,1,True,True,0.8484848484848484,0.8987170342729172
3,4,0,0,False,True,,0.0
4,6,0,0,False,True,0.39393939393939387,0.9367839145523915
5,7,0,0,False,True,,0.0
6,8,1,1,True,True,0.8181818181818181,0.8087360843031886
