,id,pred1,pred2,label,agree,kt,cos_sim
0,0,0,0,False,True,0.911111111111111,0.0
1,1,0,0,False,True,0.8666666666666666,0.9392932715684624
2,2,0,0,False,True,0.9999999999999999,0.8927303866432461
3,4,0,0,False,True,0.28888888888888886,0.9017605242029353
4,5,0,0,False,True,0.9999999999999999,0.9271050693011064
5,6,0,0,False,True,0.7333333333333333,0.0
6,7,0,0,True,True,,0.0
7,8,0,0,False,True,0.9999999999999999,1.0000000000000002
8,9,1,1,True,True,0.9999999999999999,0.85202864568461
