,id,pred1,pred2,label,agree,kt,cos_sim
0,0,0,0,False,True,0.911111111111111,0.0
1,1,0,0,False,True,0.7777777777777777,0.9336995618478524
2,4,0,0,False,True,-0.15555555555555553,0.9171763507019712
3,6,0,0,False,True,0.9999999999999999,1.0
4,7,0,0,True,True,,0.0
5,8,0,0,False,True,0.9999999999999999,1.0000000000000002
6,9,1,1,True,True,0.9555555555555554,0.8684210526315791
