,id,pred1,pred2,label,agree,kt,cos_sim
0,0,0,0,False,True,0.911111111111111,0.8902638145194515
1,1,0,0,False,True,0.911111111111111,0.9556913641729281
2,3,0,0,False,True,0.9999999999999999,1.0
3,4,0,0,False,True,-0.15555555555555553,0.9492889050691344
4,6,0,0,False,True,0.7333333333333333,0.0
5,7,0,0,True,True,0.4666666666666666,0.8473039491526417
6,8,0,0,False,True,0.9999999999999999,1.0000000000000002
7,9,1,1,True,True,0.9555555555555554,0.9372315102530709
