,id,pred1,pred2,label,agree,kt,cos_sim
0,0,0,0,False,True,0.42857142857142855,0.0
1,1,0,0,False,True,0.5,0.9811775349281363
2,2,0,0,False,True,,0.0
3,3,0,0,False,True,0.2857142857142857,0.8621077658469848
4,4,0,0,False,True,-0.16363636363636364,0.9473503269651846
5,5,0,0,False,True,-0.15032679738562094,0.7308816827558577
6,6,0,0,False,True,0.4358974358974358,0.989364244131054
7,7,0,0,True,True,-0.3201581027667984,0.0
