,id,pred1,pred2,label,agree,kt,cos_sim
0,0,0,0,False,True,0.14285714285714285,0.9334629899753888
1,1,0,0,False,True,0.0,0.9811775349281363
2,2,0,0,False,True,,0.0
3,3,0,0,False,True,0.3571428571428571,0.8621077658469848
4,4,0,0,False,True,0.1619047619047619,0.9473503269651846
5,5,0,0,False,True,0.39869281045751637,0.7447594690010102
6,6,0,0,False,True,-0.025641025641025637,0.962288694926066
7,7,0,0,True,True,-0.10822510822510822,0.8383259484513482
