,id,pred1,pred2,label,agree,kt,cos_sim
0,0,0,0,False,True,0.16666666666666666,0.0
1,1,0,0,False,True,0.16666666666666666,1.0
2,2,0,0,False,True,-0.1774891774891775,0.9865765724632496
3,3,0,0,False,True,0.2647058823529411,0.9999999999999999
4,4,0,0,False,True,0.16363636363636364,0.9603960396039604
5,5,0,0,False,True,0.006535947712418302,0.9525793444156803
6,6,0,0,False,True,-0.08571428571428572,0.9723905313933007
7,7,0,0,True,True,0.316017316017316,0.0
