,id,pred1,pred2,label,agree,kt,cos_sim
0,0,0,0,False,True,0.9999999999999998,1.0000000000000002
1,1,0,0,False,True,0.9999999999999998,0.9999999999999999
2,2,1,1,True,True,0.9999999999999998,0.8809523809523809
3,3,0,0,False,True,0.9999999999999998,1.0
4,4,0,0,True,True,0.0,0.9703445921171406
5,6,0,0,False,True,,0.0
6,7,1,1,True,True,0.4999999999999999,0.9173286442120083
7,9,0,0,False,True,0.9999999999999998,0.9756420007311559
