,id,pred1,pred2,label,agree,kt,cos_sim
0,0,0,0,False,True,0.9999999999999998,1.0000000000000002
1,1,0,0,False,True,0.9999999999999998,0.9999999999999999
2,2,1,1,True,True,0.9999999999999998,0.9591836734693877
3,3,0,0,False,True,0.9999999999999998,1.0
4,4,0,0,True,True,0.7142857142857142,0.9999999999999999
5,6,0,0,False,True,,0.0
6,7,1,1,True,True,0.2857142857142857,0.8946750577612211
7,9,0,0,False,True,,0.0
