,id,pred1,pred2,label,agree,kt,cos_sim
0,0,0,0,False,True,0.9999999999999998,1.0000000000000002
1,1,0,0,False,True,0.9999999999999998,0.9999999999999999
2,2,1,1,True,True,0.9999999999999998,0.8809523809523809
3,3,0,0,False,True,0.9999999999999998,1.0
4,4,0,0,True,True,0.14285714285714285,0.9703445921171406
5,5,0,0,False,True,0.9999999999999998,0.9481849782544213
6,6,0,0,False,True,,0.0
7,7,1,1,True,True,0.6428571428571428,0.9502970142326752
8,9,0,0,False,True,,0.0
