,id,pred1,pred2,label,agree,kt,cos_sim
0,0,0,0,False,True,0.8666666666666666,1.0000000000000002
1,1,0,0,False,True,,0.0
2,2,0,0,False,True,0.9999999999999999,1.0000000000000002
3,3,0,0,False,True,0.9999999999999999,0.9999999999999998
