,id,pred1,pred2,label,agree,kt,cos_sim
0,0,0,0,False,True,0.9999999999999998,1.0000000000000002
1,1,0,0,False,True,0.9999999999999998,0.9999999999999999
2,2,1,1,True,True,0.7142857142857142,1.0
3,3,0,0,False,True,0.9999999999999998,0.9783367810436533
4,4,0,0,True,True,0.7142857142857142,0.9999999999999999
5,6,0,0,False,True,,0.0
6,7,1,1,True,True,0.7142857142857142,0.8926073982886735
7,9,0,0,False,True,,0.0
