,id,pred1,pred2,label,agree,kt,cos_sim
0,1,0,0,False,True,0.8666666666666666,0.5514467945790074
1,2,0,0,False,True,0.8666666666666666,0.5916352935893495
2,3,1,0,True,False,0.9999999999999999,0.5506108556390008
