,id,pred1,pred2,label,agree,kt,cos_sim
0,1,0,0,False,True,0.3333333333333333,0.5321859944666609
