,id,pred1,pred2,label,agree,kt,cos_sim
0,0,0,0,False,True,0.6666666666666669,0.9509298551358542
1,1,0,0,False,True,0.39999999999999997,0.0
2,2,0,0,False,True,1.0,0.0
3,3,0,0,False,True,1.0,0.0
4,4,0,0,False,True,1.0,0.0
