,id,pred1,pred2,label,agree,kt,cos_sim
0,0,0,0,False,True,0.8484848484848484,0.9999999999999999
1,1,1,1,True,True,0.303030303030303,0.8072148070252744
2,2,0,0,False,True,,0.0
3,3,1,1,True,True,0.7575757575757575,0.9615384615384617
4,4,0,0,False,True,0.8181818181818181,0.9840072997684715
