,id,pred1,pred2,label,agree,kt,cos_sim
0,0,0,0,False,True,0.8181818181818181,0.9999999999999999
1,1,1,1,True,True,0.8484848484848484,0.8215838362577491
2,2,0,0,False,True,,0.0
3,3,1,1,True,True,0.8484848484848484,0.9349469900084573
4,4,0,0,False,True,0.8181818181818181,0.9840072997684715
