,id,pred1,pred2,label,agree,kt,cos_sim
0,0,1,1,False,True,0.24999999999999997,0.0
1,1,1,1,False,True,-0.16483516483516486,0.0
2,2,1,1,True,True,,0.0
3,3,1,1,False,True,,0.0
4,4,1,1,True,True,-0.05128205128205127,0.0
5,5,1,1,False,True,-0.338235294117647,0.9254762227411246
6,6,1,1,False,True,0.282051282051282,0.0
7,7,1,1,True,True,-0.37777777777777777,0.0
8,8,1,1,False,True,0.23076923076923073,0.0
9,9,1,1,False,True,,0.0
