,id,pred1,pred2,label,agree,kt,cos_sim
0,0,0,1,False,False,0.08823529411764705,0.0
1,1,0,1,False,False,-0.40952380952380957,0.0
2,2,1,1,True,True,,0.0
3,3,0,1,False,False,,0.0
4,4,0,1,True,False,-0.05128205128205127,0.0
5,5,0,1,False,False,-0.02941176470588235,0.9254762227411246
6,6,0,1,False,False,-0.282051282051282,0.0
7,7,1,1,True,True,0.19999999999999998,0.0
8,8,0,1,False,False,-0.10256410256410255,0.0
9,9,0,1,False,False,,0.0
