,id,pred1,pred2,label,agree,kt,cos_sim
0,0,0,0,False,True,0.019943019943019946,0.0
1,1,0,0,False,True,-0.16176470588235295,0.6672976811635084
2,2,1,1,True,True,0.025641025641025637,0.9168656608439087
3,3,0,0,False,True,0.3523809523809524,0.0
4,4,0,0,True,True,-0.025641025641025637,0.0
5,5,0,0,False,True,0.5824175824175825,0.0
6,6,0,0,False,True,,0.0
7,7,1,1,True,True,-0.19117647058823525,0.0
8,8,0,0,False,True,0.12280701754385964,0.9584769029415859
9,9,0,0,False,True,0.338235294117647,0.0
