,id,pred1,pred2,label,agree,kt,cos_sim
0,0,0,0,False,True,0.9031339031339033,0.1875
1,1,0,0,False,True,0.9999999999999999,0.8660254037844387
2,2,1,1,True,True,-0.07692307692307691,1.0
3,3,0,0,False,True,1.0,0.0
4,4,0,0,True,True,-0.05128205128205127,0.0
5,5,0,0,False,True,0.3725490196078432,0.0
6,6,0,0,False,True,-0.11578947368421053,0.8065591326174432
7,7,1,1,True,True,0.9999999999999999,0.0
8,8,0,0,False,True,1.0,0.9999999999999999
9,9,0,0,False,True,0.6323529411764706,0.0
