,id,pred1,pred2,label,agree,kt,cos_sim
0,0,0,1,False,False,0.044117647058823525,0.0
1,1,0,1,False,False,-0.40952380952380957,0.0
2,2,1,1,True,True,,0.0
3,3,0,1,False,False,,0.0
4,4,0,1,True,False,0.23076923076923073,0.0
5,5,0,1,False,False,0.3529411764705882,0.0
6,6,0,1,False,False,-0.10256410256410255,0.0
7,7,1,1,True,True,0.10256410256410255,0.0
8,8,0,1,False,False,-0.10256410256410255,0.0
9,9,0,1,False,False,,0.0
