,id,pred1,pred2,label,agree,kt,cos_sim
0,0,0,0,False,True,0.9999999999999999,0.8790975010638882
1,1,0,0,False,True,0.9999999999999999,1.0000000000000002
2,2,0,0,False,True,0.9999999999999999,0.8946709256219652
3,3,0,0,True,True,0.6,0.9881183900504563
4,4,0,0,False,True,0.9999999999999999,0.0
5,6,0,0,False,True,,0.0
6,7,0,0,False,True,0.9999999999999999,1.0
7,8,0,0,False,True,0.7333333333333333,0.9032906873947423
8,9,0,0,False,True,,0.0
