,id,pred1,pred2,label,agree,kt,cos_sim
0,0,0,0,False,True,,0.9763997362785014
1,1,0,0,False,True,,1.0
2,2,0,0,False,True,,0.9689846736197242
3,3,1,0,True,False,,0.7428479931792424
4,4,0,0,False,True,,0.992165074164342
