,id,pred1,pred2,label,agree,kt,cos_sim
0,0,0,0,False,True,-0.4666666666666666,0.9853579210409482
1,1,0,0,False,True,0.3333333333333333,0.673120854256476
