,id,pred1,pred2,label,agree,kt,cos_sim
0,0,0,0,False,True,0.2,0.9543471292531729
1,1,0,0,False,True,0.06666666666666665,0.7019998845819646
2,2,0,0,False,True,0.3333333333333333,0.9507558419203412
3,3,1,0,True,False,0.2,0.9855803019806249
4,4,0,0,False,True,-1.0,0.0
