,id,pred1,pred2,label,agree,kt,cos_sim
0,0,0,0,False,True,1.0,1.0000000000000002
1,1,0,0,False,True,1.0,0.9999999999999999
2,2,0,0,True,True,1.0,0.9793792286287206
3,3,0,0,False,True,1.0,1.0000000000000002
4,4,0,0,True,True,1.0,0.9999999999999999
5,5,0,0,False,True,1.0,1.0
6,6,0,0,False,True,,0.0
7,8,0,0,False,True,1.0,0.9698082947613049
8,9,0,0,False,True,-0.6666666666666669,0.9621404708847278
