,id,pred1,pred2,label,agree,kt,cos_sim
0,0,0,0,False,True,1.0,1.0000000000000002
1,3,0,0,False,True,-0.33333333333333337,0.0
2,4,0,0,True,True,1.0,0.9999999999999999
3,5,0,0,False,True,0.33333333333333337,0.9529889198558176
4,6,0,0,False,True,,0.0
