,id,pred1,pred2,label,agree,kt,cos_sim
0,0,0,0,False,True,0.9999999999999998,1.0000000000000002
1,3,0,0,False,True,0.6428571428571428,0.0
