,id,pred1,pred2,label,agree,kt,cos_sim
0,0,0,0,False,True,0.1619047619047619,0.0
1,1,0,0,False,True,-0.48571428571428577,0.781631749350903
2,2,1,1,True,True,0.0,0.9599836599916586
3,3,0,0,False,True,0.1619047619047619,0.0
4,4,0,0,True,True,-0.10256410256410255,0.9827698236013118
