,id,pred1,pred2,label,agree,kt,cos_sim
0,0,0,0,False,True,1.0,0.0
1,1,0,0,False,True,0.16842105263157894,0.921284663987611
2,2,1,1,True,True,0.2121212121212121,1.0
3,3,0,0,False,True,1.0,0.0
4,4,0,0,True,True,-0.10476190476190476,0.9482758620689654
