,id,pred1,pred2,label,agree,kt,cos_sim
0,0,1,1,False,True,-0.06666666666666665,0.40155679672714073
1,1,1,1,False,True,,0.0
2,2,1,1,False,True,0.9999999999999999,0.0
3,3,1,1,True,True,0.9999999999999999,1.0
4,4,1,1,False,True,,0.0
