,id,pred1,pred2,label,agree,kt,cos_sim
0,0,0,0,False,True,0,0.8215838362577491
1,1,1,1,True,True,0,0.9594259139147681
2,3,1,1,True,True,0,0.0
3,4,0,0,False,True,0,0.0
4,5,0,0,False,True,0,0.0
5,6,0,0,False,True,0,0.9354143466934852
6,7,0,0,False,True,0,0.824621125123532
7,8,1,1,True,True,0,0.0
8,9,0,0,False,True,0,1.0000000000000002
9,11,0,0,False,True,0,1.0000000000000002
10,13,0,0,False,True,0,1.0
11,14,0,0,False,True,0,0.0
