,id,pred1,pred2,label,agree,kt,cos_sim
0,0,0,0,False,True,0,0.9389710680668849
1,1,1,1,True,True,0,0.9649012813540153
2,3,1,1,True,True,0,0.9764082219405036
3,4,0,0,False,True,0,0.0
4,5,0,0,False,True,0,0.0
5,6,0,0,False,True,0,0.0
6,7,0,0,False,True,0,0.0
7,8,1,1,True,True,0,0.769309258162072
8,9,0,0,False,True,0,0.0
9,11,0,0,False,True,0,0.0
10,13,0,0,False,True,0,0.9037767640636811
11,14,0,0,False,True,0,0.9505943072210938
