,id,pred1,pred2,label,agree,kt,cos_sim
0,0,0,0,False,True,0.5151515151515151,0.7759402897989853
1,3,1,1,True,True,0.2,0.0
