,id,pred1,pred2,label,agree,kt,cos_sim
0,0,0,0,False,True,0.5151515151515151,0.9365858115816941
1,3,1,1,True,True,0.4666666666666666,0.911656196861841
