,id,pred1,pred2,label,agree,kt,cos_sim
0,1,1,1,True,True,0.3636363636363636,0.8910563851303022
1,2,0,0,False,True,,0.0
2,3,1,1,True,True,0.6,0.8846517369293828
3,4,0,0,False,True,-0.2121212121212121,0.8794080883518106
