,id,pred1,pred2,label,agree,kt,cos_sim
0,0,0,0,False,True,-0.2121212121212121,0.9091675835657295
