,id,pred1,pred2,label,agree,kt,cos_sim
0,0,0,0,False,True,0.5454545454545454,0.7454993164109749
1,2,0,0,False,True,,0.0
2,3,1,1,True,True,0.9999999999999999,0.0
