,id,pred1,pred2,label,agree,kt,cos_sim
0,0,0,0,False,True,0.5454545454545454,0.8998425413316952
1,2,0,0,False,True,,0.0
2,3,1,1,True,True,0.4666666666666666,0.9101698143253768
