,id,pred1,pred2,label,agree,kt,cos_sim
0,1,1,1,True,True,-0.1818181818181818,0.8910563851303022
1,2,0,0,False,True,,0.0
2,3,1,1,True,True,0.3333333333333333,0.0
3,4,0,0,False,True,-0.0909090909090909,0.914991421995628
