,id,pred1,pred2,label,agree,kt,cos_sim
0,2,0,0,False,True,0.7777777777777777,0.8819171036881969
1,3,0,0,False,True,0.8666666666666666,0.8934715493999182
