,id,pred1,pred2,label,agree,kt,cos_sim
0,0,0,0,False,True,0.2,0.9564078745495845
1,4,0,0,False,True,0.7333333333333333,0.0512989176042577
2,5,0,0,False,True,0.7333333333333333,0.20095923811712513
3,6,0,0,False,True,0.06666666666666665,0.057490018712824484
