,id,pred1,pred2,label,agree,kt,cos_sim
0,0,0,0,False,True,-0.21428571428571427,0.8858233390878898
1,1,0,0,False,True,0.2857142857142857,0.7846421618706589
2,2,1,0,True,False,-0.2857142857142857,0.9143939329893288
3,3,0,0,False,True,-0.14285714285714285,0.8964214570007952
4,5,0,0,False,True,0.21428571428571427,0.09095085938862486
5,6,0,1,False,False,0.42857142857142855,0.27083333333333337
6,7,1,0,True,False,0.2857142857142857,0.3611111111111111
7,8,0,0,False,True,0.21428571428571427,0.4731016134109266
