,id,pred1,pred2,label,agree,kt,cos_sim
0,0,0,0,False,True,0.3333333333333334,0.7385489458759964
1,1,0,0,False,True,0.2857142857142857,0.8740284488750757
2,2,0,0,True,True,-0.3571428571428571,0.9534625892455922
3,3,0,0,False,True,-0.3571428571428571,0.9231861823449954
4,5,0,0,False,True,0.6428571428571428,0.09095085938862486
5,6,0,1,False,False,0.0,0.03227486121839514
6,7,1,0,True,False,0.0,0.36293309315564887
7,8,0,0,False,True,0.21428571428571427,0.37824434307572
