,id,pred1,pred2,label,agree,kt,cos_sim
0,0,0,0,False,True,0,0.9064281326729701
1,2,0,0,False,True,0,0.9044362145447563
2,4,0,0,False,True,0,0.9891004919611717
3,6,0,0,False,True,0,0.970873786407767
4,7,1,1,False,True,0,0.7849848386575374
5,9,0,0,False,True,0,0.945577943407535
6,10,0,0,False,True,0,0.9083460483910909
7,11,0,0,False,True,0,0.9710633495179284
8,12,0,0,False,True,0,0.9863350302726815
9,13,0,0,False,True,0,0.9880567125247204
10,14,0,0,False,True,0,0.9063606464810912
