,id,pred1,pred2,label,agree,kt,cos_sim
0,0,0,0,False,True,,0.0
1,1,1,1,True,True,0.3571428571428571,0.9720050670928767
2,2,0,0,False,True,,0.0
3,3,1,1,True,True,-0.21904761904761905,0.976480793067137
4,4,0,0,False,True,0.18840579710144928,0.0
5,5,0,0,False,True,-0.2121212121212121,0.0
6,6,0,0,False,True,-0.3333333333333333,0.0
7,7,0,0,False,True,0.06315789473684211,0.0
8,8,1,1,True,True,0.0303030303030303,0.9791868147508004
9,9,0,0,False,True,-0.3333333333333333,0.0
