,id,pred1,pred2,label,agree,kt,cos_sim
0,0,0,0,False,True,,0.0
1,1,1,1,True,True,0.07142857142857142,0.9527699174583822
2,2,0,0,False,True,,0.0
3,3,1,1,True,True,-0.3333333333333333,0.9513414240169009
4,4,0,0,False,True,0.3115942028985507,0.0
5,5,0,0,False,True,-0.2727272727272727,0.0
6,6,0,0,False,True,-0.3333333333333333,0.0
7,7,0,0,False,True,0.21904761904761905,0.0
8,8,1,1,True,True,-0.022222222222222223,0.9772727272727273
9,9,0,0,False,True,-0.3333333333333333,0.0
