,id,pred1,pred2,label,agree,kt,cos_sim
0,0,0,0,False,True,,0.0
1,1,0,0,False,True,0.39999999999999997,1.0
2,2,0,0,False,True,,0.0
3,3,0,0,False,True,-0.09890109890109891,0.0
4,4,0,0,False,True,0.07142857142857142,0.9836443733741068
