,id,pred1,pred2,label,agree,kt,cos_sim
0,0,0,0,False,True,,0.0
1,1,0,0,False,True,0.9999999999999999,1.0
2,2,0,0,False,True,0.3571428571428571,1.0000000000000002
3,3,0,0,False,True,0.9999999999999999,0.0
4,4,0,0,False,True,0.6428571428571428,1.0
