,id,pred1,pred2,label,agree,kt,cos_sim
0,0,0,0,False,True,0.7205081669691469,0.9705136796179544
1,1,0,0,False,True,0.9026969857218404,0.9788044867537724
