,id,pred1,pred2,label,agree,kt,cos_sim
0,0,0,0,False,True,0.37777777777777777,0.0
1,1,0,0,False,True,0.19999999999999998,0.9604937972199612
2,2,0,0,False,True,-0.19999999999999998,0.8864052604279183
3,3,0,0,False,True,0.3333333333333333,0.9346460390922354
4,4,0,0,False,True,0.06666666666666667,0.9403929476663142
