,id,pred1,pred2,label,agree,kt,cos_sim
0,0,0,0,False,True,,0.0
1,1,0,0,False,True,,0.9369833344039149
2,2,0,0,False,True,,0.9616929720207056
3,3,0,0,False,True,,0.9191450300180578
4,4,0,0,False,True,,0.9403929476663142
