,id,pred1,pred2,label,agree,kt,cos_sim
0,0,0,0,False,True,0.8666666666666666,0.0
1,1,0,0,False,True,0.9999999999999999,0.9711427209723061
2,2,0,0,False,True,0.8666666666666666,0.9081222898612331
3,6,0,0,False,True,0.7333333333333333,0.0
4,7,0,0,True,True,,0.0
5,8,0,0,False,True,0.8666666666666666,1.0000000000000002
6,9,1,1,True,True,0.6888888888888888,0.938952955723142
