,id,pred1,pred2,label,agree,kt,cos_sim
0,0,0,0,False,True,0.911111111111111,0.0
1,1,0,0,False,True,0.9999999999999999,0.962775603357674
2,5,0,0,False,True,0.9999999999999999,0.9453131868733218
3,6,0,0,False,True,0.9999999999999999,1.0
4,7,0,0,True,True,,0.0
5,8,0,0,False,True,0.8666666666666666,1.0000000000000002
6,9,1,1,True,True,0.6888888888888888,0.8248628195623472
