,id,pred1,pred2,label,agree,kt,cos_sim
0,0,0,0,False,True,0.9555555555555554,0.8902638145194515
1,1,0,0,False,True,0.9999999999999999,0.9894387298481873
2,6,0,0,False,True,0.7333333333333333,0.0
3,7,0,0,True,True,0.9999999999999999,1.0000000000000002
4,8,0,0,False,True,0.9999999999999999,1.0000000000000002
5,9,1,1,True,True,0.9999999999999999,0.8706484898697716
