,id,pred1,pred2,label,agree,kt,cos_sim
0,0,0,0,False,True,0.9999999999999999,0.9213717213621485
1,1,0,0,False,True,0.9999999999999999,0.6373774391990981
2,2,0,0,False,True,0.9999999999999999,0.8740093185210838
3,3,0,0,True,True,0.8666666666666666,0.7988725115005921
4,4,0,0,False,True,0.9999999999999999,1.0
