,id,pred1,pred2,label,agree,kt,cos_sim
0,0,0,0,False,True,-0.4242424242424242,0.855162802513895
