,id,pred1,pred2,label,agree,kt,cos_sim
0,0,0,0,False,True,0.3333333333333333,0.7961132433870801
