,id,pred1,pred2,label,agree,kt,cos_sim
0,0,0,0,False,True,0.5151515151515151,0.9365858115816941
