,id,pred1,pred2,label,agree,kt,cos_sim
0,0,0,0,False,True,-0.0606060606060606,0.7848730094898415
1,1,1,1,True,True,0.1818181818181818,0.8189230248533257
2,2,0,0,False,True,-0.1515151515151515,0.8502657495766042
