,id,pred1,pred2,label,agree,kt,cos_sim
0,0,0,0,False,True,0.0303030303030303,0.7306770072260991
1,1,1,1,True,True,-0.1818181818181818,0.8910563851303022
2,2,0,0,False,True,,0.0
