,id,pred1,pred2,label,agree,kt,cos_sim
0,0,0,0,False,True,-0.0606060606060606,0.9091675835657295
1,1,1,1,True,True,-0.0606060606060606,0.8189230248533257
2,2,0,0,False,True,-0.303030303030303,0.667545015752026
