,id,pred1,pred2,label,agree,kt,cos_sim
0,0,0,0,False,True,0.0303030303030303,0.8463889584616803
1,1,1,1,True,True,0.3636363636363636,0.8910563851303022
2,2,0,0,False,True,,0.0
