,id,pred1,pred2,label,agree,kt,cos_sim
0,0,0,0,False,True,0.9999999999999998,0.872081599272381
1,1,1,1,True,True,-0.1515151515151515,0.9999999999999999
2,2,0,0,False,True,0.4848484848484848,0.7634222834143518
