,id,pred1,pred2,label,agree,kt,cos_sim
0,0,0,0,False,True,0.909090909090909,0.960768922830523
