,id,pred1,pred2,label,agree,kt,cos_sim
0,1,0,0,False,True,0.9999999999999999,1.0
1,2,0,0,False,True,0.9999999999999999,1.0
2,3,0,0,True,True,0.8666666666666666,0.8932876102665188
3,4,0,0,False,True,0.9999999999999999,1.0
