,id,pred1,pred2,label,agree,kt,cos_sim
0,1,0,0,False,True,0.9999999999999999,1.0
1,2,0,0,False,True,0.9999999999999999,1.0
2,3,0,0,True,True,0.6,0.8041664463712644
3,4,0,0,False,True,0.6,0.9893045053244827
