,id,pred1,pred2,label,agree,kt,cos_sim
0,0,0,0,False,True,0.9999999999999999,0.8790975010638882
1,1,0,0,False,True,0.9999999999999999,1.0
2,2,0,0,False,True,0.9999999999999999,1.0
3,3,0,0,True,True,0.7333333333333333,0.7667636592760195
4,4,0,0,False,True,0.6,0.9893045053244827
