,id,pred1,pred2,label,agree,kt,cos_sim
0,0,0,0,False,True,0.9999999999999999,0.9080028201341214
1,1,0,0,False,True,0.9999999999999999,0.9884975216264725
