,id,pred1,pred2,label,agree,kt,cos_sim
0,0,0,0,False,True,0.9999999999999999,0.9707805782710566
1,1,0,0,False,True,0.9999999999999999,0.9872782006644114
