,id,pred1,pred2,label,agree,kt,cos_sim
0,0,0,0,False,True,-0.11666666666666665,0.9384625973915538
1,1,0,0,False,True,0.21428571428571427,0.8936547776446689
2,2,0,0,False,True,-0.18954248366013074,0.8837373679647081
3,3,0,0,True,True,-0.23809523809523814,0.9743629287299045
4,4,0,0,False,True,0.3105413105413106,0.0
