,id,pred1,pred2,label,agree,kt,cos_sim
0,0,0,0,False,True,0.13333333333333333,0.9493950055865622
1,1,0,0,False,True,0.21428571428571427,0.8936547776446689
2,2,0,0,False,True,0.411764705882353,0.9774920645403723
3,3,0,0,True,True,-0.37142857142857144,0.9743629287299045
4,4,0,0,False,True,0.09401709401709403,0.0
