,id,pred1,pred2,label,agree,kt,cos_sim
0,0,0,0,False,True,0.35492577597840763,0.9489454739013254
1,1,0,0,False,True,1.0,0.9999999999999999
2,2,0,0,False,True,-0.1843971631205674,0.910652112754229
3,3,0,0,True,True,0.01794871794871795,1.0
4,4,0,0,False,True,0.1932692307692308,0.0
