,id,pred1,pred2,label,agree,kt,cos_sim
0,0,0,0,False,True,-0.13235294117647056,0.0
1,1,0,0,False,True,0.5555555555555557,0.0
2,2,1,1,True,True,-0.0909090909090909,0.9401880564188065
3,3,0,0,False,True,0.028571428571428574,0.0
4,4,0,0,True,True,-0.38181818181818183,0.0
