,id,pred1,pred2,label,agree,kt,cos_sim
0,0,0,0,False,True,-0.4222222222222222,0.6999132392733555
1,1,0,0,False,True,0.022222222222222223,0.37716825457067865
2,2,0,1,False,False,0.1111111111111111,0.8699307345227857
3,3,0,1,False,False,-0.7333333333333333,0.6506000486323553
4,4,0,1,False,False,0.24444444444444444,0.7452708040897426
5,6,0,1,False,False,0.8222222222222221,0.6876699975827414
6,7,0,0,True,True,0.06666666666666667,0.7023805299347118
