,id,pred1,pred2,label,agree,kt,cos_sim
0,0,0,0,False,True,0.7777777777777777,0.9474209111998338
