,id,pred1,pred2,label,agree,kt,cos_sim
0,0,0,0,False,True,-0.3333333333333333,0.8875694881473982
1,1,0,0,False,True,0.37777777777777777,0.510688230856951
2,2,1,1,False,True,0.022222222222222223,0.0
3,3,1,1,False,True,-0.06666666666666667,0.7559289460184545
4,4,1,1,False,True,-0.28888888888888886,0.609132556216191
5,6,1,1,False,True,0.06666666666666667,0.5111630125684566
6,7,0,0,True,True,0.4666666666666666,0.57186276940104
