,id,pred1,pred2,label,agree,kt,cos_sim
0,0,0,0,False,True,-0.3333333333333333,0.8875694881473982
1,1,0,0,False,True,0.6,0.8118633413623324
2,2,0,1,False,False,-0.5111111111111111,0.9698300112766824
3,3,0,1,False,False,-0.4222222222222222,0.7514953069209038
4,4,0,1,False,False,-0.24444444444444444,0.6440611887195307
5,6,0,1,False,False,0.19999999999999998,0.5391291361472074
6,7,0,0,True,True,0.39999999999999997,0.0
