,id,pred1,pred2,label,agree,kt,cos_sim
0,0,0,0,False,True,0.1111111111111111,0.9474209111998338
