,id,pred1,pred2,label,agree,kt,cos_sim
0,0,0,0,False,True,0.911111111111111,0.7921318941081134
