,id,pred1,pred2,label,agree,kt,cos_sim
0,1,0,0,False,True,0.4666666666666666,0.8566513376743885
1,2,1,1,False,True,-0.3333333333333333,0.8481357125718859
