,id,pred1,pred2,label,agree,kt,cos_sim
0,0,0,0,False,True,0.9999999999999999,1.0
1,1,0,0,False,True,-0.1111111111111111,0.4850317346760729
2,2,0,0,False,True,-0.3333333333333333,0.7527465433268797
