,id,pred1,pred2,label,agree,kt,cos_sim
0,1,0,0,False,True,-0.3333333333333333,0.6709817063202619
1,2,0,1,False,False,-0.28888888888888886,0.8760552271945364
