,id,pred1,pred2,label,agree,kt,cos_sim
0,1,0,0,False,True,0.1111111111111111,0.3942022546746016
1,2,0,1,False,False,0.3333333333333333,0.8250994014653362
