,id,pred1,pred2,label,agree,kt,cos_sim
0,1,0,0,False,True,0.6888888888888888,0.8931948332968382
1,2,1,0,False,False,0.06666666666666667,0.7247648521479853
