,id,pred1,pred2,label,agree,kt,cos_sim
0,0,0,0,False,True,0.911111111111111,0.7921318941081134
1,1,0,0,False,True,-0.7333333333333333,0.7434615952718974
2,2,0,0,False,True,-0.4222222222222222,0.8795367562872953
