,id,pred1,pred2,label,agree,kt,cos_sim
0,0,0,0,False,True,0.911111111111111,0.7921318941081134
1,1,0,0,False,True,0.911111111111111,0.8986914687663685
2,2,0,0,False,True,0.28888888888888886,0.8834522085987723
