,id,pred1,pred2,label,agree,kt,cos_sim
0,1,0,0,False,True,0.15555555555555553,0.742505581877616
1,2,0,1,False,False,-0.4666666666666666,0.8338727005421956
