,id,pred1,pred2,label,agree,kt,cos_sim
0,0,0,0,False,True,0.9999999999999999,0.9787234042553191
1,1,0,0,False,True,0.28888888888888886,0.9496714704969829
2,2,0,0,False,True,0.9999999999999999,0.9999999999999998
