,id,pred1,pred2,label,agree,kt,cos_sim
0,1,0,0,False,True,0.5111111111111111,0.9318125254364725
1,2,0,1,False,False,0.7777777777777777,0.9698300112766824
