,id,pred1,pred2,label,agree,kt,cos_sim
0,0,0,0,False,True,0.911111111111111,0.7921318941081134
1,1,0,0,False,True,-0.1111111111111111,0.7111952812139224
2,2,0,0,False,True,-0.4222222222222222,0.8795367562872953
