,id,pred1,pred2,label,agree,kt,cos_sim
0,1,0,0,False,True,0.6888888888888888,0.9783991809404572
1,2,0,1,False,False,0.7777777777777777,0.9698300112766824
