,id,pred1,pred2,label,agree,kt,cos_sim
0,1,0,0,False,True,0.7777777777777777,0.9348378346791403
1,2,1,0,False,False,0.4222222222222222,0.8900862436453899
