,id,pred1,pred2,label,agree,kt,cos_sim
0,0,0,0,False,True,-0.42857142857142855,0.950131971939235
1,1,0,0,False,True,0.23809523809523814,0.9582769267256038
2,2,0,0,False,True,,0.0
3,3,0,0,False,True,-0.5714285714285714,0.936205246277703
4,4,0,0,False,True,-0.4476190476190477,0.9893617021276594
