,id,pred1,pred2,label,agree,kt,cos_sim
0,0,0,0,False,True,0.16666666666666666,0.0
1,1,0,0,False,True,0.03296703296703297,0.9767547513254082
2,2,0,0,False,True,0.19999999999999998,0.947804480540862
3,3,0,0,False,True,0.19117647058823525,0.9530852845538154
4,4,0,0,False,True,0.2727272727272727,0.9784921095801632
