,id,pred1,pred2,label,agree,kt,cos_sim
0,0,0,0,False,True,-0.5714285714285714,0.0
1,1,0,0,False,True,0.23809523809523814,0.9627444424437364
2,2,0,0,False,True,,0.0
3,3,0,0,False,True,0.07142857142857142,0.8569876385636452
4,4,0,0,False,True,-0.16363636363636364,0.9784921095801632
