,id,pred1,pred2,label,agree,kt,cos_sim
0,0,0,0,False,True,-0.22105263157894736,0.9999999999999999
1,1,1,1,True,True,0.21428571428571427,0.9617163101410254
2,2,0,0,False,True,-0.3333333333333334,0.0
3,3,1,1,True,True,0.06666666666666667,0.9742446008949095
4,4,0,0,False,True,0.391304347826087,0.9999999999999999
