,id,pred1,pred2,label,agree,kt,cos_sim
0,0,0,0,False,True,,0.0
1,1,1,1,True,True,0.07142857142857142,0.9617163101410254
2,2,0,0,False,True,0.5047619047619049,0.0
3,3,1,1,True,True,-0.10256410256410255,0.976480793067137
4,4,0,0,False,True,0.2648221343873518,0.0
