,id,pred1,pred2,label,agree,kt,cos_sim
0,0,0,0,False,True,,0.0
1,1,1,1,True,True,-0.14285714285714285,0.980392156862745
2,2,0,0,False,True,0.0,0.0
3,3,1,1,True,True,0.28888888888888886,0.9841356626102458
4,4,0,0,False,True,0.383399209486166,0.0
