,id,pred1,pred2,label,agree,kt,cos_sim
0,0,0,0,False,True,0.911111111111111,0.0
1,3,0,0,False,True,0.9999999999999999,0.8754128668236026
2,7,0,0,True,True,,0.0
3,8,0,0,False,True,0.9999999999999999,1.0000000000000002
4,9,1,1,True,True,0.6888888888888888,0.967792914472084
