,id,pred1,pred2,label,agree,kt,cos_sim
0,0,0,0,False,True,0.8666666666666666,0.0
1,8,0,0,False,True,0.9999999999999999,1.0000000000000002
2,9,1,1,True,True,0.6888888888888888,1.0
