,id,pred1,pred2,label,agree,kt,cos_sim
0,0,0,0,False,True,0.8666666666666666,0.9999999999999999
1,5,0,0,False,True,0.8666666666666666,0.9805806756909201
2,7,0,0,True,True,0.9999999999999999,1.0000000000000002
3,8,0,0,False,True,0.9999999999999999,1.0000000000000002
4,9,1,1,True,True,0.9999999999999999,0.967792914472084
