,id,pred1,pred2,label,agree,kt,cos_sim
0,0,0,0,False,True,-0.5555555555555555,0.855162802513895
