,id,pred1,pred2,label,agree,kt,cos_sim
0,0,0,0,False,True,-0.4222222222222222,0.6999132392733555
