,id,pred1,pred2,label,agree,kt,cos_sim
0,0,0,0,False,True,-0.28888888888888886,0.8875694881473982
1,1,0,0,False,True,0.06666666666666665,0.7870082734456546
2,2,0,1,False,False,0.06666666666666667,0.9004154502472147
3,3,0,1,False,False,-0.022222222222222223,0.0
4,4,0,1,False,False,-0.4666666666666666,0.7523482402215478
5,6,0,1,False,False,0.1111111111111111,0.6609911215439466
6,7,0,0,True,True,-0.4666666666666666,0.7156705355559946
