,id,pred1,pred2,label,agree,kt,cos_sim
0,0,0,0,False,True,1.0,1.0000000000000002
1,1,0,0,False,True,1.0,0.9491936172364526
2,2,0,1,True,False,-1.0,0.0
3,3,0,0,False,True,0.9999999999999999,0.9932740843258757
4,4,0,0,True,True,1.0,0.0
