,id,pred1,pred2,label,agree,kt,cos_sim
0,0,0,0,False,True,0.9999999999999998,0.9999999999999999
1,2,0,0,False,True,,0.0
2,3,1,1,True,True,0.9999999999999998,1.0
