,id,pred1,pred2,label,agree,kt,cos_sim
0,0,0,0,False,True,0.9999999999999999,0.8924516453719396
1,1,0,0,False,True,0.9999999999999999,1.0000000000000002
2,2,0,0,False,True,0.7333333333333333,0.8983405107823647
3,3,0,0,True,True,0.4666666666666666,0.7407606770234785
4,4,0,0,False,True,0.9999999999999999,0.0
5,6,0,0,False,True,,0.0
6,7,0,0,False,True,0.9999999999999999,1.0
7,8,0,0,False,True,0.2,0.42556336908171627
8,9,0,0,False,True,,0.0
