,id,pred1,pred2,label,agree,kt,cos_sim
0,0,0,0,False,True,0.9999999999999999,0.8924516453719396
1,1,0,0,False,True,0.9999999999999999,1.0000000000000002
2,2,0,0,False,True,0.9999999999999999,0.9942395024781684
3,3,0,0,True,True,,0.0
4,4,0,0,False,True,0.9999999999999999,0.0
5,5,0,0,False,True,,0.0
6,6,0,0,False,True,,0.0
7,7,0,0,False,True,0.9999999999999999,1.0
8,9,0,0,False,True,,0.0
