,id,pred1,pred2,label,agree,kt,cos_sim
0,0,0,0,False,True,0.9999999999999999,1.0
1,1,0,0,False,True,0.9999999999999999,1.0000000000000002
2,2,0,0,False,True,0.7333333333333333,0.9028208064285358
3,3,0,0,True,True,,0.0
4,4,0,0,False,True,0.9999999999999999,0.0
5,6,0,0,False,True,0.9999999999999999,0.9901643964084416
6,7,0,0,False,True,0.9999999999999999,1.0
7,9,0,0,False,True,0.9999999999999999,1.0
