,id,pred1,pred2,label,agree,kt,cos_sim
0,0,0,0,False,True,1.0,1.0000000000000002
1,1,0,0,False,True,,0.0
2,3,0,0,False,True,1.0,0.9999999999999998
3,4,0,0,False,True,1.0,0.9999999999999998
4,7,0,0,False,True,0.33333333333333337,1.0
