,id,pred1,pred2,label,agree,kt,cos_sim
0,0,0,0,False,True,1.0,1.0000000000000002
1,1,0,0,False,True,,0.0
2,2,0,0,False,True,1.0,1.0000000000000002
3,3,0,0,False,True,1.0,0.9999999999999998
4,4,0,0,False,True,1.0,0.9511897312113418
5,5,0,0,False,True,-1.0,0.9999999999999998
6,7,0,0,False,True,1.0,1.0
7,8,0,0,False,True,1.0,0.9233805168766386
8,9,0,0,False,True,0.33333333333333337,0.8783100656536799
