,id,pred1,pred2,label,agree,kt,cos_sim
0,0,0,0,False,True,0.6153846153846153,0.0
1,1,1,1,True,True,0.04504504504504505,0.9733285267845752
2,2,0,0,False,True,0.9999999999999998,1.0
3,3,1,0,True,False,0.34789915966386553,0.9850818059511681
4,4,0,0,False,True,0.3717948717948718,0.9603920767980494
