,id,pred1,pred2,label,agree,kt,cos_sim
0,1,0,1,False,False,-0.3333333333333333,0.04355035563093423
1,2,0,0,True,True,-0.2121212121212121,0.14285714285714285
2,3,0,0,False,True,0.0,0.026347739971327097
