,id,pred1,pred2,label,agree,kt,cos_sim
0,1,0,1,False,False,-0.1818181818181818,0.04474373701426829
1,2,0,0,True,True,-0.2121212121212121,0.14285714285714285
2,3,0,1,False,False,-0.1212121212121212,0.027171304864640745
