,id,pred1,pred2,label,agree,kt,cos_sim
0,0,0,0,False,True,,0.0
1,1,1,1,True,True,,0.942964916435006
2,2,0,0,False,True,,0.9112931795128764
3,3,1,1,True,True,,0.9696899027331811
4,4,0,0,False,True,,0.9545655796854943
