,id,pred1,pred2,label,agree,kt,cos_sim
0,1,0,0,False,True,1.0,0.9899494936611665
1,2,0,0,False,True,1.0,0.9910548057890277
2,4,0,0,False,True,1.0,0.9858217409244022
3,5,0,0,False,True,0.33333333333333337,0.85639165923118
4,7,0,0,False,True,1.0,0.7855844048495726
5,8,0,0,False,True,-1.0,0.8915279298892127
6,9,0,0,False,True,1.0,0.9673530324555363
