,id,pred1,pred2,label,agree,kt,cos_sim
0,1,0,0,False,True,1.0,1.0
1,2,0,0,False,True,1.0,0.8618068214179181
2,4,0,0,False,True,1.0,0.9964795829986259
3,5,0,0,False,True,0.33333333333333337,0.9734943396342483
4,7,0,0,False,True,-1.0,0.9899494936611665
5,8,0,0,False,True,-1.0,0.9660543935410465
6,9,0,0,False,True,1.0,0.9594644986465712
