,id,pred1,pred2,label,agree,kt,cos_sim
0,0,0,0,False,True,1.0,0.8924516453719396
1,1,0,0,False,True,1.0,0.9899494936611665
2,2,0,0,False,True,1.0,0.8572036021808231
3,3,0,0,True,True,-1.0,0.7667636592760195
4,4,0,0,False,True,1.0,0.9893045053244827
5,5,0,0,False,True,1.0,0.8825115377290227
6,7,0,0,False,True,0.33333333333333337,0.7935600855193299
7,8,0,0,False,True,1.0,0.7925017554039399
8,9,0,0,False,True,1.0,0.9912011825893757
