,id,pred1,pred2,label,agree,kt,cos_sim
0,0,0,0,False,True,0.9999999999999998,1.0000000000000002
1,1,0,0,False,True,0.7142857142857142,1.0000000000000002
2,2,1,1,True,True,0.9999999999999998,0.9615239476408232
3,3,0,0,False,True,0.9999999999999998,0.9854006762498303
4,4,0,0,True,True,0.9999999999999998,0.9999999999999999
