,id,pred1,pred2,label,agree,kt,cos_sim
0,0,0,0,False,True,0.9999999999999998,1.0000000000000002
1,1,0,0,False,True,0.6428571428571428,0.9457648512427146
2,2,1,1,True,True,0.5714285714285714,0.8689660757568886
3,3,0,0,False,True,0.9999999999999998,0.9783367810436533
4,4,0,0,True,True,0.7142857142857142,0.9999999999999999
