,id,pred1,pred2,label,agree,kt,cos_sim
0,0,0,0,False,True,0.9999999999999998,1.0000000000000002
1,1,0,0,False,True,0.9285714285714285,0.9457648512427146
2,2,1,1,True,True,0.5714285714285714,0.9258594419631472
3,3,0,0,False,True,0.9999999999999998,0.9928314487939459
4,4,0,0,True,True,0.7142857142857142,0.9999999999999999
