,id,pred1,pred2,label,agree,kt,cos_sim
0,0,0,0,False,True,1.0,0.0
1,1,0,0,False,True,0.8476190476190477,0.9999999999999998
2,2,1,1,True,True,0.2527472527472528,0.0
3,3,0,0,False,True,1.0,0.0
4,4,0,0,True,True,0.8735177865612648,0.0
5,5,0,0,False,True,0.18681318681318684,0.9286824582244568
6,6,0,0,False,True,,0.0
7,7,1,1,True,True,-0.06666666666666668,0.8792003816177455
8,8,0,0,False,True,0.1473684210526316,0.9846232660466404
9,9,0,0,False,True,0.4509803921568628,0.9730618248952598
