,id,pred1,pred2,label,agree,kt,cos_sim
0,0,0,0,False,True,0.9999999999999998,1.0000000000000002
1,1,0,0,False,True,0.3571428571428571,1.0
