,id,pred1,pred2,label,agree,kt,cos_sim
0,0,0,0,False,True,0.3571428571428571,0.8207826816681233
1,1,0,0,False,True,-0.42857142857142855,0.7935753932437074
