,id,pred1,pred2,label,agree,kt,cos_sim
0,0,0,0,False,True,0.7142857142857142,0.9999999999999998
1,1,0,0,False,True,-0.3571428571428571,0.8852533362759809
