,id,pred1,pred2,label,agree,kt,cos_sim
0,0,0,0,False,True,0.9999999999999998,0.8658966363457989
1,1,0,0,False,True,0.9999999999999998,0.9174166160749154
