,id,pred1,pred2,label,agree,kt,cos_sim
0,0,0,0,False,True,0.6428571428571428,0.7951332228659945
1,1,0,0,False,True,0.9999999999999998,0.8942581600637
