,id,pred1,pred2,label,agree,kt,cos_sim
0,0,0,0,False,True,0.9999999999999998,0.44350803325028726
1,1,0,0,False,True,0.4999999999999999,0.6917511609943708
