,id,pred1,pred2,label,agree,kt,cos_sim
0,0,0,0,False,True,0.3571428571428571,0.5557862044750174
1,1,0,0,False,True,-0.3571428571428571,0.9325048082403138
