,id,pred1,pred2,label,agree,kt,cos_sim
0,0,0,0,False,True,0.6428571428571428,0.8207826816681233
1,1,0,0,False,True,0.7142857142857142,0.9354143466934853
