,id,pred1,pred2,label,agree,kt,cos_sim
0,0,0,0,False,True,0.9999999999999999,0.9535571740967
1,1,0,0,False,True,0.9999999999999999,0.643848442047141
2,2,0,0,False,True,0.9999999999999999,0.9999999999999998
3,3,0,0,True,True,0.6,0.9922153846272146
4,4,0,0,False,True,0.9999999999999999,1.0
5,5,0,0,False,True,,0.0
6,6,0,0,False,True,,0.0
7,7,0,0,False,True,0.9999999999999999,1.0
8,8,0,0,False,True,0.9999999999999999,0.9958932064677039
9,9,0,0,False,True,0.9999999999999999,0.9361344502232992
